{"cameraMode":{"drawMode":0,"name":"Shaded","section":"Shading Mode"},"sceneLighting":true,"audioPlay":false,"sceneViewState":{"showFog":true,"showMaterialUpdate":false,"showSkybox":true,"showFlares":true,"showImageEffects":true,"showParticleSystems":true,"showVisualEffectGraphs":true,"m_FxEnabled":true},"in2DMode":false,"pivot":{"x":-41.84946823120117,"y":3.1315903663635256,"z":-7.214380741119385},"rotation":{"x":0.013446716591715813,"y":-0.08837665617465973,"z":0.0011930317850783468,"w":0.9959995746612549},"size":0.8660253882408142,"orthographic":false}