{"cameraMode":{"drawMode":0,"name":"Shaded","section":"Shading Mode"},"sceneLighting":true,"audioPlay":false,"sceneViewState":{"showFog":true,"showMaterialUpdate":false,"showSkybox":true,"showFlares":true,"showImageEffects":true,"showParticleSystems":true,"showVisualEffectGraphs":true,"m_FxEnabled":true},"in2DMode":false,"pivot":{"x":123.71231842041016,"y":-5.044299125671387,"z":-23.166366577148439},"rotation":{"x":0.05395287647843361,"y":0.028732577338814737,"z":-0.0017217840068042279,"w":0.9982466101646423},"size":2.5380051136016847,"orthographic":false}