{"cameraMode":{"drawMode":0,"name":"Shaded","section":"Shading Mode"},"sceneLighting":true,"audioPlay":false,"sceneViewState":{"showFog":true,"showMaterialUpdate":false,"showSkybox":true,"showFlares":true,"showImageEffects":true,"showParticleSystems":true,"showVisualEffectGraphs":true,"m_FxEnabled":true},"in2DMode":false,"pivot":{"x":19.950464248657228,"y":2.411142349243164,"z":15.843366622924805},"rotation":{"x":0.09586112201213837,"y":0.004749319050461054,"z":-0.000615806202404201,"w":0.9954892992973328},"size":20.52811622619629,"orthographic":false}