{"cameraMode":{"drawMode":0,"name":"Shaded","section":"Shading Mode"},"sceneLighting":true,"audioPlay":false,"sceneViewState":{"showFog":true,"showMaterialUpdate":false,"showSkybox":true,"showFlares":true,"showImageEffects":true,"showParticleSystems":true,"showVisualEffectGraphs":true,"m_FxEnabled":true},"in2DMode":false,"pivot":{"x":17.14933967590332,"y":6.1993608474731449,"z":12.704346656799317},"rotation":{"x":0.0014934412902221084,"y":-0.09705078601837158,"z":0.00014213508984539658,"w":0.9952864050865173},"size":13.047987937927246,"orthographic":false}