{"cameraMode":{"drawMode":0,"name":"Shaded","section":"Shading Mode"},"sceneLighting":true,"audioPlay":false,"sceneViewState":{"showFog":true,"showMaterialUpdate":false,"showSkybox":true,"showFlares":true,"showImageEffects":true,"showParticleSystems":true,"showVisualEffectGraphs":true,"m_FxEnabled":true},"in2DMode":false,"pivot":{"x":25.076416015625,"y":1.8605560064315797,"z":-42.80259704589844},"rotation":{"x":-0.026646437123417856,"y":0.16745410859584809,"z":0.004358141217380762,"w":0.9856292605400086},"size":2.5380051136016847,"orthographic":false}